项目类型,项目编号,话题数,关注数
科技,73830,308,(1万)
科技,74791,35,(1千)
科技,74252,97,(2千)
科技,73836,198,(9千)
科技,75084,57,(1千)
科技,74885,143,(2千)
科技,73717,235,(1千)
科技,73711,46,(366)
科技,75218,10,(247)
科技,75051,159,(703)
科技,72855,77,(1千)
科技,74769,228,(1万)
科技,74687,24,(1千)
科技,75029,87,(2千)
科技,73834,157,(2千)
科技,73801,43,(969)
科技,72971,21,(748)
科技,74872,84,(1千)
科技,73917,159,(1千)
科技,74708,62,(414)
科技,74617,149,(3千)
科技,74502,14,(324)
科技,74269,37,(1千)
科技,73585,54,(1千)
科技,73840,21,(676)
科技,75057,20,(3千)
科技,74637,39,(701)
科技,72305,116,(2千)
科技,74627,100,(2千)
科技,73887,48,(427)
科技,74571,26,(444)
科技,73550,50,(1千)
科技,75034,29,(2千)
科技,74662,41,(264)
科技,70066,92,(991)
科技,74827,39,(3千)
科技,73784,162,(3千)
科技,74399,34,(1千)
科技,74186,19,(258)
科技,73806,26,(569)
科技,73480,21,(337)
科技,74558,27,(239)
科技,74047,89,(1千)
科技,75162,6,(1千)
科技,69611,55,(258)
科技,67738,21,(2千)
科技,74199,136,(697)
科技,74567,85,(2千)
科技,74314,31,(588)
科技,75031,24,(2千)
科技,74079,95,(677)
科技,73889,32,(751)
科技,72098,9,(250)
科技,74772,68,(2千)
科技,74562,10,(197)
科技,74763,28,(724)
科技,75000,11,(3千)
科技,74264,41,(1千)
科技,74731,47,(183)
科技,74697,87,(1千)
科技,74588,20,(262)
科技,74411,55,(2万)
科技,72162,31,(560)
科技,73856,18,(676)
科技,70688,57,(2千)
科技,74037,36,(287)
科技,72719,9,(114)
科技,74370,5,(141)
科技,74848,53,(151)
科技,72102,13,(330)
科技,71606,51,(1千)
科技,74789,36,(159)
科技,74476,77,(2千)
科技,73098,17,(177)
科技,74915,784,(3千)
科技,74404,72,(1千)
科技,74811,58,(1千)
科技,73924,25,(4千)
科技,72698,27,(372)
科技,72638,59,(504)
科技,74927,17,(87)
科技,73511,10,(139)
科技,74812,26,(2千)
科技,74471,79,(2千)
科技,74561,31,(4千)
科技,74377,26,(1千)
科技,74695,2,(27)
科技,74357,16,(160)
科技,74335,79,(340)
科技,74043,35,(1千)
科技,74201,9,(140)
科技,73875,66,(177)
科技,73868,73,(617)
科技,73876,73,(232)
科技,73845,28,(216)
科技,73732,80,(1千)
科技,73675,39,(1千)
科技,73541,19,(143)
科技,73438,132,(2千)
科技,73242,26,(641)
科技,72597,45,(209)
科技,73165,16,(152)
科技,72442,10,(131)
科技,72028,48,(551)
科技,71924,27,(157)
科技,71728,10,(112)
科技,74080,13,(215)
科技,75291,4,(6千)
科技,75249,1,(30)
科技,75258,16,(505)
科技,75229,2,(1千)
科技,75065,1,(41)
科技,74995,11,(55)
科技,74998,14,(62)
科技,74934,11,(81)
科技,74974,TimoutError,(56)
科技,74909,4,(51)
科技,74859,52,(805)
科技,74821,47,(2千)
科技,74813,4,(49)
科技,74934,11,(82)
科技,75065,1,(43)
科技,74998,14,(62)
科技,74909,4,(51)
科技,74995,11,(56)
科技,74859,52,(806)
科技,74821,47,(2千)
科技,74758,38,(216)
科技,74752,52,(1千)
科技,74974,TimoutError,(56)
科技,74475,27,(1千)
科技,74671,21,(100)
科技,74321,15,(73)
科技,74353,7,(50)
科技,74250,26,(2千)
科技,73930,108,(918)
科技,73860,42,(209)
科技,73814,13,TimoutError
科技,73770,109,(2千)
科技,73918,TimoutError,(14)
科技,73700,54,(1千)
科技,73720,51,(797)
科技,73589,4,(35)
科技,73497,1,(24)
科技,73489,6,(77)
科技,73197,2,(25)
科技,73008,14,(1千)
科技,72920,22,(334)
科技,72772,7,(42)
科技,72537,24,(81)
科技,69487,6,(27)
科技,67948,5,(109)
科技,74546,292,(2千)
科技,74383,393,(3千)
科技,73950,57,(734)
科技,73846,158,(2千)
科技,73821,110,(504)
科技,73790,21,(488)
科技,73786,825,(4千)
科技,73753,33,(615)
科技,73722,16,(176)
科技,73702,34,(1千)
科技,73648,82,(623)
科技,73634,38,(1千)
科技,73608,34,(909)
科技,73576,29,(171)
科技,73558,321,(1千)
科技,73518,37,(262)
科技,73516,161,(1千)
科技,73509,76,(1千)
科技,73508,25,(3千)
科技,73461,80,(5千)
科技,73459,27,(359)
科技,73454,75,(8千)
科技,73441,539,(1万)
科技,73439,10,(145)
科技,73402,83,(428)
科技,73369,14,(1千)
科技,73295,38,(3千)
科技,73292,50,(227)
科技,73280,99,(528)
科技,73262,559,(2千)
科技,73198,7,(100)
科技,73182,40,(406)
科技,73176,25,(344)
科技,73160,24,(1千)
科技,73137,41,(2千)
科技,73119,154,(4千)
科技,73107,521,(4千)
科技,73097,27,(415)
科技,73073,231,(596)
科技,73064,30,(100)
科技,73017,93,(2千)
科技,73011,30,(255)
科技,73003,50,(1千)
科技,73002,30,(1千)
科技,73000,87,(1千)
科技,72985,37,(1千)
科技,72981,130,(984)
科技,72970,278,(4千)
科技,72923,433,(3千)
科技,72911,76,(1千)
科技,72908,477,(4千)
科技,72905,24,(91)
科技,72873,35,(226)
科技,72865,77,(1千)
科技,72864,13,(161)
科技,72862,2791,(8千)
科技,72797,94,(1千)
科技,72783,122,(1千)
科技,72759,97,(7千)
科技,72713,85,(853)
科技,72658,72,(970)
科技,72652,23,(338)
科技,72642,44,(896)
科技,72627,85,(3千)
科技,72615,119,(742)
科技,72584,51,(474)
科技,72571,65,(1千)
科技,72564,84,(1千)
科技,72562,27,(401)
科技,72538,334,(2千)
科技,72518,110,(1千)
科技,72493,52,(1千)
科技,72490,265,(4千)
科技,72479,145,(718)
科技,72418,46,(477)
科技,72417,55,(5千)
科技,72388,33,(229)
科技,72383,76,(164)
科技,72378,557,(3千)
科技,72372,29,(202)
科技,72361,235,(953)
科技,72345,37,(185)
科技,72324,161,(5千)
科技,72318,67,(1千)
科技,72317,117,(602)
科技,72308,141,(647)
科技,72300,511,(2千)
科技,72292,103,(1千)
科技,72291,621,(2千)
科技,72276,48,(1千)
科技,72219,33,(2千)
科技,72188,145,(4千)
科技,72157,127,(6千)
科技,72129,66,(1千)
科技,72128,170,(3千)
科技,72123,1437,(1万)
科技,72109,58,(2千)
科技,72108,9,(2千)
科技,72093,137,(867)
科技,72081,28,(1千)
科技,72055,103,(529)
科技,72049,87,(4千)
科技,72048,381,(8千)
科技,72045,55,(431)
科技,72032,90,(868)
科技,72008,37,(341)
科技,72003,22,(164)
科技,71979,188,(1千)
科技,71952,18,(102)
科技,71928,50,(1千)
科技,71913,19,(129)
科技,71896,17,(2千)
科技,71890,38,(188)
科技,71873,91,(6千)
科技,71862,17,(278)
科技,71851,13,(229)
科技,71846,30,(1千)
科技,71841,122,(328)
科技,71761,90,(2千)
科技,71754,219,(6千)
科技,71745,132,(2千)
科技,71737,152,(1千)
科技,71735,53,(223)
科技,71733,135,(1千)
科技,71715,296,(2千)
科技,71714,242,(2千)
科技,71712,66,(2千)
科技,71702,48,(1千)
科技,71697,19,(204)
科技,71696,25,(118)
科技,71692,24,(232)
科技,71668,35,(1千)
科技,71648,502,(3千)
科技,71647,233,(904)
科技,71642,73,(402)
科技,71639,332,(1千)
科技,71596,200,(3千)
科技,71548,77,(1千)
科技,71504,33,(1千)
科技,71503,76,(2千)
科技,71479,8,(88)
科技,71462,111,(658)
科技,71454,62,(560)
科技,71446,48,(2千)
科技,71432,77,(1万)
科技,71414,30,(2千)
科技,71370,36,(675)
科技,71365,78,(226)
科技,71363,24,(260)
科技,71359,33,(1千)
科技,71344,76,(385)
科技,71341,46,(1千)
科技,71244,56,(5千)
科技,71243,74,(1千)
科技,71234,204,(1千)
科技,71220,75,(2千)
科技,71164,28,(247)
科技,71141,70,(5千)
科技,71136,46,(591)
科技,71133,31,(111)
科技,71131,19,(281)
科技,71098,32,(493)
科技,71092,62,(6千)
科技,71064,12,(170)
科技,71040,19,(154)
科技,71034,33,(229)
科技,71020,55,(682)
科技,71011,175,(1千)
科技,71001,82,(1千)
科技,70991,609,(7千)
科技,70983,389,(1万)
科技,70954,15,(5千)
科技,70945,26,(2千)
科技,70943,47,(254)
科技,70926,161,(1千)
科技,70917,88,(2千)
科技,70911,47,(243)
科技,70907,193,(654)
科技,70885,12,(2千)
科技,70841,9,(1千)
科技,70795,127,(1万)
科技,70791,249,(1千)
科技,70772,72,(604)
科技,70770,67,(1万)
科技,70749,748,(1万)
科技,70745,197,(4千)
科技,70744,32,(439)
科技,70718,43,(376)
科技,70703,7,(1千)
科技,70702,101,(579)
科技,70679,54,(797)
科技,70672,22,(319)
科技,70665,95,(6千)
科技,70643,103,(1千)
科技,70641,58,(247)
科技,70640,135,(717)
科技,70623,66,(387)
科技,70605,235,(1万)
科技,70587,157,(3千)
科技,70553,50,(1千)
科技,70541,1148,(9千)
科技,70531,121,(1千)
科技,70520,305,(9千)
科技,70500,107,(757)
科技,70496,76,(350)
科技,70493,37,(355)
科技,70485,390,(4千)
科技,70457,123,(5千)
科技,70454,28,(539)
科技,70382,964,(6千)
科技,70346,98,(1千)
科技,70324,81,(2千)
科技,70307,228,(2千)
科技,70301,46,(428)
科技,70298,106,(658)
科技,70286,157,(617)
科技,70284,60,(244)
科技,70255,35,(5千)
科技,70252,124,(964)
科技,70244,372,(2千)
科技,70231,42,(353)
科技,70226,42,(1千)
科技,70215,71,(3千)
科技,70160,68,(344)
科技,70132,175,(1千)
科技,70109,740,(1千)
科技,70105,52,(787)
科技,70093,41,(229)
科技,70045,166,(2千)
科技,70041,882,(2千)
科技,70027,106,(871)
科技,70005,18,(79)
科技,69974,323,(6千)
科技,69970,9,(61)
科技,69969,50,(1千)
科技,69964,28,(2千)
科技,69962,48,(5千)
科技,69932,8,(144)
科技,69924,155,(292)
科技,69921,105,(4千)
科技,69896,123,(243)
科技,69882,23,(2千)
科技,69879,30,(360)
科技,69872,25,(2万)
科技,69868,17,(260)
科技,69867,391,(1万)
科技,69865,128,(1万)
科技,69859,42,(213)
科技,69852,35,(2千)
科技,69850,61,(1千)
科技,69847,39,(344)
科技,69844,255,(7千)
科技,69828,44,(2千)
科技,69805,33,(268)
科技,69800,77,(331)
科技,69775,684,(3万)
科技,69767,47,(462)
科技,69752,8,(3千)
科技,69734,39,(1千)
科技,69723,1044,(2万)
科技,69715,26,(1千)
科技,69705,138,(1千)
科技,69702,98,(1千)
科技,69700,60,(468)
科技,69692,308,(476)
科技,69690,25,(119)
科技,69685,106,(366)
科技,69682,39,(371)
科技,69656,50,(260)
科技,69652,26,(1千)
科技,69641,11,(1千)
科技,69637,313,(1千)
科技,69627,17,(186)
科技,69625,118,(6千)
科技,69618,26,(1千)
科技,69598,744,(1万)
科技,69589,141,(2万)
科技,69582,65,(237)
科技,69541,16,(365)
科技,69512,650,(7万)
科技,69510,66,(1千)
科技,69509,312,(1千)
科技,69507,29,(89)
科技,69505,117,(4千)
科技,69491,10,(4千)
科技,69489,31,(6千)
科技,69488,2,(100)
科技,69467,330,(1千)
科技,69464,42,(362)
科技,69460,30,(2千)
科技,69456,31,(2千)
科技,69447,168,(1万)
科技,69438,41,(247)
科技,69432,3,(51)
科技,69425,126,(1千)
科技,69424,84,(489)
科技,69411,47,(7千)
科技,69398,62,(1千)
科技,69390,10,(71)
科技,69387,2,(51)
科技,69384,21,(1千)
科技,69375,43,(3千)
科技,69369,8,(129)
科技,69339,6,(268)
科技,69337,250,(1万)
科技,69331,62,(258)
科技,69325,126,(1千)
科技,69322,65,(1千)
科技,69318,33,(1千)
科技,69312,19,(1千)
科技,69302,90,(1千)
科技,69300,93,(7万)
科技,69297,156,(1千)
科技,69292,34,(2千)
科技,69279,65,(1千)
科技,69280,119,(1千)
科技,69258,115,(8千)
科技,69250,34,(479)
科技,69244,27,(1千)
科技,69242,86,(263)
科技,69217,3,(130)
科技,69212,6,(285)
科技,69209,4,(132)
科技,69203,243,(8千)
科技,69198,86,(1万)
科技,69186,158,(1千)
科技,69179,90,(9千)
科技,69171,511,(1万)
科技,69168,66,(434)
科技,69157,43,(3千)
科技,69148,2513,(2万)
科技,69121,333,(4千)
科技,69114,50,(393)
科技,69086,42,(482)
科技,69065,244,(3千)
科技,69043,48,(2千)
科技,69027,19,(3千)
科技,69022,58,(1千)
科技,69010,421,(6千)
科技,68998,54,(1千)
科技,68995,143,(2千)
科技,68984,102,(7千)
科技,68981,25,(269)
科技,68970,33,(198)
科技,68966,30,(5千)
科技,68940,60,(3万)
科技,68930,37,(9千)
科技,68927,102,(1千)
科技,68919,41,(900)
科技,68900,33,(390)
科技,68888,235,(575)
科技,68886,67,(1千)
科技,68884,42,(4千)
科技,68882,146,(1千)
科技,68876,215,(2千)
科技,68872,48,(1千)
科技,68864,44,(117)
科技,68853,19,(262)
科技,68852,219,(9千)
科技,68834,119,(802)
科技,68832,86,(2千)
科技,68813,14,(235)
科技,68810,36,(241)
科技,68799,66,(1千)
科技,68776,159,(1千)
科技,68763,144,(742)
科技,68751,19,(138)
科技,68749,47,(1千)
科技,68727,25,(241)
科技,68723,152,(2千)
科技,68715,66,(9千)
科技,68714,328,(1千)
科技,68710,44,(449)
科技,68706,166,(6千)
科技,68693,9,(153)
科技,68682,24,(154)
科技,68676,16,(132)
科技,68675,30,(1千)
科技,68661,13,(1千)
科技,68647,76,(1千)
科技,68636,101,(5千)
科技,68635,16,(125)
科技,68628,153,(2万)
科技,68620,124,(1千)
科技,68609,67,(1万)
科技,68605,77,(216)
科技,68597,121,(667)
科技,68568,24,(4千)
科技,68559,269,(1千)
科技,68556,150,(5千)
科技,68501,39,(934)
科技,68478,30,(273)
科技,68475,25,(224)
科技,68468,5,(43)
科技,68452,21,(3千)
科技,68448,355,(1千)
科技,68433,22,(214)
科技,68426,85,(3千)
科技,68413,102,(2千)
科技,68406,38,(414)
科技,68400,191,(4千)
科技,68399,436,(3千)
科技,68398,68,(348)
科技,68395,112,(1千)
科技,68392,67,(4万)
科技,68389,56,(2千)
科技,68368,127,(4千)
科技,68365,42,(1千)
科技,68353,158,(1千)
科技,68347,85,(1千)
科技,68335,55,(532)
科技,68333,120,(1千)
科技,68332,146,(763)
科技,68321,76,(311)
科技,68315,866,(2千)
科技,68308,33,(383)
科技,68287,89,(286)
科技,68276,22,(230)
科技,68272,38,(3千)
科技,68266,63,(1千)
科技,68250,51,(1千)
科技,68200,3,(49)
科技,68190,105,(580)
科技,68189,306,(4千)
科技,68175,6,(54)
科技,68170,38,(219)
科技,68157,200,(806)
科技,68146,124,(2千)
科技,68135,373,(510)
科技,68098,94,(4千)
科技,68063,12,(116)
科技,68057,26,(70)
科技,68055,18,(119)
科技,68045,74,(4千)
科技,68042,63,(663)
科技,68018,246,(2千)
科技,68000,5,(1千)
科技,67991,120,(9千)
科技,67973,113,(678)
科技,67960,54,(1千)
科技,67955,112,(1万)
科技,67937,95,(3千)
科技,67917,23,(258)
科技,67912,38,(153)
科技,67911,28,(282)
科技,67909,125,(759)
科技,67890,76,(656)
科技,67863,17,(116)
科技,67862,75,(2千)
科技,67854,139,(1千)
科技,67852,43,(1千)
科技,67847,81,(1千)
科技,67842,78,(2千)
科技,67820,47,(2千)
科技,67808,112,(963)
科技,67789,30,(154)
科技,67787,34,(2千)
科技,67778,320,(1千)
科技,67777,105,(2千)
科技,67760,40,(949)
科技,67750,155,(2万)
科技,67747,16,(155)
科技,67742,45,(1千)
科技,67732,222,(2千)
科技,67721,73,(5千)
科技,67714,10,(80)
科技,67686,75,(363)
科技,67670,263,(1千)
科技,67646,156,(1千)
科技,67645,41,(562)
科技,67626,22,(224)
科技,67612,216,(2千)
科技,67589,64,(3千)
科技,67585,256,(1万)
科技,67565,171,(1千)
科技,67553,193,(1千)
科技,67503,102,(9千)
科技,67493,11,(181)
科技,67451,856,(2万)
科技,67389,15,(159)
科技,67369,28,(1千)
科技,67316,130,(436)
科技,67296,16,(73)
科技,67288,181,(985)
科技,67256,53,(353)
科技,67249,41,(3千)
科技,67247,128,(2千)
科技,67234,25,(1千)
科技,67226,13,(120)
科技,67198,96,(1千)
科技,67197,60,(1千)
科技,67147,306,(4万)
科技,67106,140,(4千)
科技,67088,186,(1万)
科技,67085,11,(7千)
科技,67074,113,(784)
科技,67056,54,(227)
科技,67050,179,(5千)
科技,67035,93,(452)
科技,67026,7,(139)
科技,67014,4,(29)
科技,67005,111,(2万)
科技,67000,51,(165)
科技,66985,44,(416)
科技,66954,218,(265)
科技,66946,60,(1千)
科技,66945,54,(364)
科技,66935,8,(63)
科技,66928,33,(436)
科技,66910,27,(283)
科技,66896,30,(318)
科技,66855,167,(6千)
科技,66854,204,(1千)
科技,66833,33,(2千)
科技,66831,281,(4千)
科技,66813,427,(7千)
科技,66804,327,(2万)
科技,66767,41,(4千)
科技,66746,148,(1千)
科技,66734,57,(1万)
科技,66722,303,(1千)
科技,66721,150,(3万)
科技,66719,20,(240)
科技,66709,347,(3千)
科技,66701,86,(1千)
科技,66697,61,(2千)
科技,66692,640,(2千)
科技,66687,85,(712)
科技,66663,24,(2千)
科技,66659,2234,(3万)
科技,66650,186,(1千)
科技,66642,12,(106)
科技,66623,139,(1万)
科技,66622,64,(1千)
科技,66615,58,(3千)
科技,66605,277,(6千)
科技,66567,48,(457)
科技,66561,280,(6千)
科技,66548,82,(338)
科技,66518,197,(3千)
科技,66494,52,(2千)
科技,66455,49,(282)
科技,66442,34,(2千)
科技,66441,28,(1千)
科技,66431,144,(2千)
科技,66430,39,(141)
科技,66419,29,(5万)
科技,66418,130,(3千)
科技,66412,52,(3千)
科技,66406,4,(1千)
科技,66393,122,(1千)
科技,66362,133,(1千)
科技,66359,72,(2千)
科技,66338,383,(3万)
科技,66317,129,(1千)
科技,66315,178,(7千)
科技,66311,137,(6千)
科技,66305,172,(4千)
科技,66302,11,(123)
科技,66275,164,(1千)
科技,66267,85,(2千)
科技,66253,11,(312)
科技,66252,59,(286)
科技,66224,186,(2万)
科技,66206,43,(2千)
科技,66199,134,(3千)
科技,66165,28,(247)
科技,66146,16,(125)
科技,66118,33,(186)
科技,66111,36,(518)
科技,66110,218,(738)
科技,66104,81,(4千)
科技,66084,62,(1千)
科技,66064,1491,(8千)
科技,66061,630,(2千)
科技,66052,113,(3千)
科技,66042,656,(4千)
科技,66041,1270,(3千)
科技,66035,163,(773)
科技,66034,59,(516)
科技,66032,29,(1千)
科技,66029,91,(1千)
科技,66017,36,(72)
科技,66014,828,(6千)
科技,66013,18,(140)
科技,65990,10,(1千)
科技,65944,15,(1千)
科技,65942,161,(1万)
科技,65940,31,(879)
科技,65934,177,(4千)
科技,65918,10,(50)
科技,65894,108,(1千)
科技,65888,94,(853)
科技,65887,16,(234)
科技,65881,162,(358)
科技,65873,194,(2千)
科技,65861,718,(1千)
科技,65836,76,(1千)
科技,65833,49,(5千)
科技,65831,248,(692)
科技,65821,63,(417)
科技,65820,49,(305)
科技,65811,572,(1千)
科技,65808,1827,(1万)
科技,65805,36,(285)
科技,65800,90,(2千)
科技,65793,148,(1千)
科技,65790,28,(307)
科技,65785,26,(583)
科技,65779,27,(92)
科技,65776,18,(107)
科技,65775,150,(400)
科技,65773,47,(4千)
科技,65764,121,(3千)
科技,65758,104,(1千)
科技,65749,68,(569)
科技,65728,111,(2千)
科技,65719,49,(1千)
科技,65714,39,(3千)
科技,65713,79,(543)
科技,65703,49,(1万)
科技,65702,43,(1千)
科技,65685,161,(482)
科技,65683,470,(2万)
科技,65678,984,(1万)
科技,65675,227,(6千)
科技,65651,24,(1千)
科技,65645,34,(289)
科技,65636,77,(383)
科技,65621,11,(281)
科技,65617,225,(3千)
科技,65609,29,(477)
科技,65605,104,(2万)
科技,65603,24,(166)
科技,65601,71,(568)
科技,65599,166,(1千)
科技,65573,640,(9千)
科技,65569,26,(108)
科技,65565,1018,(5万)
科技,65555,18,(291)
科技,65550,32,(385)
科技,65547,14,(2千)
科技,65530,23,(264)
科技,65526,41,(481)
科技,65522,22,(280)
科技,65511,36,(485)
科技,65509,92,(3千)
科技,65489,52,(436)
科技,65488,125,(8千)
科技,65484,37,(147)
科技,65481,12,(108)
科技,65462,156,(1千)
科技,65455,40,(226)
科技,65443,6,(123)
科技,65428,81,(126)
科技,65419,263,(2千)
科技,65414,147,(714)
科技,65407,247,(10万)
科技,65573,640,(9千)
科技,65569,26,(108)
科技,65603,24,(166)
科技,65605,104,(2万)
科技,65601,71,(568)
科技,65599,166,(1千)
科技,65555,18,(291)
科技,65565,1018,(5万)
科技,65547,14,(2千)
科技,65530,23,(264)
科技,65550,32,(385)
科技,65526,41,(481)
科技,65522,22,(280)
科技,65509,92,(3千)
科技,65511,36,(485)
科技,65484,37,(147)
科技,65489,52,(436)
科技,65488,125,(8千)
科技,65455,40,(226)
科技,65462,156,(1千)
科技,65428,81,(126)
科技,65481,12,(108)
科技,65443,6,(123)
科技,65419,263,(2千)
科技,65414,147,(714)
科技,65363,66,(2千)
科技,65407,247,(10万)
科技,65376,959,(8千)
科技,65351,41,(376)
科技,65342,162,(957)
科技,65340,55,(195)
科技,65332,62,(587)
科技,65331,58,(338)
科技,65329,42,(283)
科技,65317,68,(1千)
科技,65318,138,(1千)
科技,65320,261,(3千)
科技,65313,163,(2千)
科技,65316,52,(2千)
科技,65308,253,(6千)
科技,65297,61,(460)
科技,65292,330,(2千)
科技,65289,90,(1千)
科技,65272,128,(1万)
科技,65270,28,(3千)
科技,65262,192,(477)
科技,65268,11,(269)
科技,65251,143,(2千)
科技,65217,48,(454)
科技,65197,259,(1千)
科技,65195,39,(75)
科技,65165,239,(5千)
科技,65184,343,(2千)
科技,65147,91,(638)
科技,65137,32,(1千)
科技,65116,67,(638)
科技,65114,130,(846)
科技,65112,121,(1千)
科技,65105,118,(1千)
科技,65100,58,(8千)
科技,65099,245,(2千)
科技,65070,128,(1万)
科技,65067,55,(423)
科技,65061,76,(602)
科技,65033,58,(328)
科技,65060,28,(76)
科技,65032,43,(581)
科技,64995,128,(1千)
科技,64985,250,(319)
科技,64981,226,(1千)
科技,64961,76,(350)
科技,64975,37,(340)
科技,64949,11,(194)
科技,64943,887,(1千)
科技,64934,556,(1万)
科技,64921,145,(787)
科技,64955,181,(478)
科技,64911,100,(8千)
科技,64910,60,(249)
科技,64860,150,(1千)
科技,64869,27,(377)
科技,64845,54,(362)
科技,64830,2575,(4万)
科技,64829,32,(504)
科技,64824,33,(5千)
科技,64812,59,(1千)
科技,64803,76,(1千)
科技,64789,80,(2千)
科技,64791,380,(2万)
科技,64779,92,(1千)
科技,64775,50,(662)
科技,64772,63,(2千)
科技,64759,242,(2千)
科技,64757,204,(2万)
科技,64753,209,(663)
科技,64754,125,(3千)
科技,64731,115,(2千)
科技,64727,24,(302)
科技,64724,30,(165)
科技,64715,884,(1万)
科技,64723,28,(79)
科技,64714,341,(1千)
科技,64707,218,(918)
科技,64690,214,(512)
科技,64692,77,(366)
科技,64665,104,(1千)
科技,64660,50,(407)
科技,64657,100,(485)
科技,64654,264,(1千)
科技,64653,92,(1千)
科技,64645,48,(2千)
科技,64644,256,(1千)
科技,64618,259,(779)
科技,64616,74,(458)
科技,64614,48,(204)
科技,64606,48,(514)
科技,64588,39,(241)
科技,64586,147,(246)
科技,64582,58,(1千)
科技,64570,367,(4千)
科技,64569,267,(2千)
科技,64568,56,(2千)
科技,64560,61,(1万)
科技,64546,858,(6千)
科技,64542,432,(1千)
科技,64541,43,(244)
科技,64530,26,(423)
科技,64533,568,(1千)
科技,64524,68,(2万)
科技,64506,125,(556)
科技,64486,118,(421)
科技,64355,73,(53)
科技,64468,2637,(1万)
科技,64227,12,(60)
科技,64226,96,(1千)
科技,64225,99,(1千)
科技,64053,121,(2千)
科技,64045,160,(1万)
科技,64042,58,(1千)
科技,63973,255,(968)
科技,63967,31,(162)
科技,63947,72,(1千)
科技,63897,74,(541)
科技,63933,52,(3千)
科技,63874,54,(503)
科技,63872,154,(833)
科技,63852,32,(1千)
科技,63802,608,(3千)
科技,63795,113,(523)
科技,63787,36,(417)
科技,63759,94,(712)
科技,63760,96,(1千)
科技,63733,55,(1千)
科技,63680,34,(1千)
科技,63672,944,(3千)
科技,63671,122,(1千)
科技,63665,43,(239)
科技,63623,51,(419)
科技,63656,1185,(3千)
科技,63609,450,(7千)
科技,63584,292,(2千)
科技,63526,48,(353)
科技,63513,119,(3千)
科技,63507,84,(1千)
科技,63486,88,(4千)
科技,63438,29,(213)
科技,63363,38,(2千)
科技,63396,35,(481)
科技,63229,31,(1千)
科技,63108,237,(1千)
科技,63035,110,(1千)
科技,63032,84,(2千)
科技,62942,48,(299)
科技,62920,74,(771)
科技,62915,24,(1千)
科技,62773,123,(242)
科技,62690,118,(1千)
科技,62870,383,(7千)
科技,62834,18,(61)
科技,62682,111,(1千)
科技,62612,78,(1千)
科技,62648,660,(6千)
科技,62551,371,(3千)
科技,62577,107,(1千)
科技,62605,109,(1千)
科技,62481,163,(994)
科技,62448,961,(1万)
科技,62076,697,(1万)
科技,62074,161,(5千)
科技,62322,120,(5千)
科技,62021,76,(1千)
科技,62004,95,(523)
科技,61964,99,(1千)
科技,61909,275,(1千)
科技,61906,29,(171)
科技,61999,523,(2万)
科技,61851,45,(434)
科技,61819,28,(200)
科技,61801,55,(303)
科技,61790,274,(2千)
科技,61774,284,(1千)
科技,61773,146,(546)
科技,61721,77,(1千)
科技,61732,1166,(2万)
科技,61698,134,(1万)
科技,61662,99,(1万)
科技,61605,747,(2千)
科技,61608,56,(249)
科技,61603,1340,(3千)
科技,61550,21,(266)
科技,61492,52,(395)
科技,61479,315,(2千)
科技,61488,4,(34)
科技,61434,193,(1千)
科技,61355,185,(2千)
科技,61341,28,(1万)
科技,61179,219,(510)
科技,61151,119,(748)
科技,61019,167,(3千)
科技,61006,63,(223)
科技,60946,1194,(2万)
科技,60943,417,(1千)
科技,60861,298,(2千)
科技,60934,174,(814)
科技,60771,132,(1千)
科技,60830,207,(1千)
科技,60638,103,(960)
科技,60592,25,(160)
科技,60536,190,(987)
科技,60462,24,(1千)
科技,60380,30,(185)
科技,60376,105,(1千)
科技,60348,18,(1千)
科技,60283,28,(208)
科技,60249,237,(6千)
科技,60179,219,(813)
科技,60245,169,(1万)
科技,60196,1718,(1万)
科技,60171,36,(1千)
科技,60156,215,(577)
科技,60142,160,(4千)
科技,60128,85,(319)
科技,60104,153,(3千)
科技,60027,56,(593)
科技,59979,405,(7千)
科技,59973,580,(3千)
科技,59993,298,(6千)
科技,59948,17,(438)
科技,59942,398,(5千)
科技,59840,28,(236)
科技,59814,171,(7千)
科技,59837,119,(6千)
科技,59790,290,(1千)
科技,59733,288,(7千)
科技,59704,15,(441)
科技,59640,36,(552)
科技,59331,46,(975)
科技,59544,103,(2千)
科技,59621,87,(6千)
科技,59298,2,(50)
科技,59297,1470,(4千)
科技,59287,56,(80)
科技,59266,62,(1千)
科技,59293,178,(2千)
科技,59258,153,(1千)
科技,59254,347,(1千)
科技,59244,125,(868)
科技,59187,34,(179)
科技,59118,291,(1万)
科技,59092,650,(1万)
科技,59058,19,(228)
科技,59006,18,(1千)
科技,59004,21,(109)
科技,58986,76,(510)
科技,58908,127,(381)
科技,58999,80,(304)
科技,58826,149,(2千)
科技,58748,106,(748)
科技,58714,307,(1万)
科技,58706,28,(247)
科技,58702,256,(1千)
科技,58687,138,(866)
科技,58622,29,(369)
科技,58621,73,(1千)
科技,58615,905,(1万)
科技,58614,55,(455)
科技,58533,203,(530)
科技,58512,667,(536)
科技,58422,219,(2千)
科技,58410,66,(238)
科技,58738,50,(284)
科技,58393,76,(877)
科技,58397,203,(1千)
科技,58385,131,(1千)
科技,58374,343,(595)
科技,58354,58,(137)
科技,58346,196,(2千)
科技,58337,4,(125)
科技,58350,361,(9千)
科技,58322,2066,(1万)
科技,58317,493,(5千)
科技,58313,197,(775)
科技,58265,32,(1千)
科技,58263,238,(3千)
科技,58228,234,(2千)
科技,58213,38,(527)
科技,58173,35,(97)
科技,58164,25,(2千)
科技,58118,47,(5千)
科技,58114,153,(2千)
科技,58143,58,(809)
科技,58107,234,(855)
科技,58104,340,(1千)
科技,58084,21,(164)
科技,58091,29,(188)
科技,58038,2,(42)
科技,58079,50,(1万)
科技,58027,123,(6千)
科技,57912,263,(1千)
科技,58008,295,(8千)
科技,57902,98,(1千)
科技,58007,281,(2千)
科技,57797,3,(89)
科技,57783,147,(1千)
科技,57785,18,(93)
科技,57775,222,(1千)
科技,57778,177,(2万)
科技,57752,781,(1千)
科技,57730,30,(1千)
科技,57727,260,(3万)
科技,57734,159,(1千)
科技,57726,28,(256)
科技,57620,25,(741)
科技,57601,258,(3千)
科技,57561,25,(2千)
科技,57616,172,(4千)
科技,57553,219,(1千)
科技,57540,70,(1万)
科技,57488,43,(420)
科技,57471,455,(3千)
科技,57464,1218,(1千)
科技,57459,198,(1千)
科技,57437,2103,(7千)
科技,57450,12,(68)
科技,57440,152,(6千)
科技,57422,12,(5千)
科技,57435,8,(98)
科技,57407,73,(1千)
科技,57412,368,(1千)
科技,57390,289,(2千)
科技,57317,11,(117)
科技,57322,38,(193)
科技,57272,145,(845)
科技,57282,226,(1千)
科技,57234,137,(901)
科技,57245,22,(277)
科技,57230,190,(2千)
科技,57178,9,(124)
科技,57161,717,(3千)
科技,57163,283,(1千)
科技,57159,258,(8千)
科技,57119,227,(1万)
科技,57099,27,(2千)
科技,57090,75,(3千)
科技,57158,622,(6千)
科技,57088,31,(4千)
科技,57082,190,(891)
科技,56965,49,(379)
科技,56932,94,(835)
科技,57037,198,(1千)
科技,56927,205,(616)
科技,56925,65,(475)
科技,56833,26,(97)
科技,56912,22,(53)
科技,56826,141,(826)
科技,56825,351,(2千)
科技,56823,142,(4千)
科技,56794,49,(274)
科技,56742,85,(458)
科技,56763,240,(783)
科技,56672,23,(172)
科技,56664,237,(1千)
科技,56667,20,(2千)
科技,56641,48,(916)
科技,56642,200,(1万)
科技,56627,86,(545)
科技,56599,19,(154)
科技,56550,307,(5千)
科技,56477,98,(234)
科技,56496,138,(2万)
科技,56461,21,(291)
科技,56415,12858,(2万)
科技,56397,35,(341)
科技,56406,397,(8千)
科技,56391,15,(125)
科技,56366,89,(6千)
科技,56341,384,(629)
科技,56364,245,(1千)
科技,56338,152,(1千)
科技,56303,73,(1千)
科技,56304,81,(2千)
科技,56298,111,(785)
科技,56273,247,(454)
科技,56271,1644,(4千)
科技,56289,98,(455)
科技,56261,50,(260)
科技,56251,329,(1千)
科技,56253,623,(2万)
科技,56248,344,(2千)
科技,56254,552,(1千)
科技,56238,11,(254)
科技,56237,267,(7千)
科技,56089,67,(5千)
科技,56084,44,(231)
科技,56071,20,(6千)
科技,56073,9,(273)
科技,56049,54,(4千)
科技,55805,80,(1万)
科技,55732,102,(2千)
科技,55727,42,(185)
科技,55720,67,(490)
科技,55636,443,(2千)
科技,55618,18,(233)
科技,55579,1008,(2万)
科技,55547,286,(1千)
科技,55515,11,(196)
科技,55486,105,(4万)
科技,55478,41,(1千)
科技,55456,433,(1千)
科技,55449,138,(848)
科技,55436,18,(261)
科技,55420,129,(1千)
科技,55419,218,(996)
科技,55418,20,(949)
科技,55417,21,(244)
科技,55404,71,(252)
科技,55379,24,(285)
科技,55329,336,(1万)
科技,55285,49,(232)
科技,55266,66,(2千)
科技,55249,308,(2千)
科技,55212,73,(6千)
科技,55180,20,(157)
科技,55129,235,(6千)
科技,55012,290,(3千)
科技,54989,27,(174)
科技,54911,1158,(9千)
科技,54900,243,(916)
科技,54888,640,(1千)
科技,54881,50,(274)
科技,54849,53,(176)
科技,54782,70,(1万)
科技,54705,171,(1千)
科技,54692,3,(55)
科技,54673,696,(2千)
科技,54581,700,(6千)
科技,54572,242,(1千)
科技,54553,7,(271)
科技,54529,55,(619)
科技,54517,236,(1千)
科技,54503,632,(2千)
科技,54501,1345,(5千)
科技,54437,137,(1千)
科技,54418,490,(5千)
科技,54409,21,(183)
科技,54388,77,(210)
科技,54301,11,(129)
科技,54244,17,(226)
科技,54215,460,(1万)
科技,54109,4710,(3万)
科技,54045,114,(634)
科技,54026,39,(724)
科技,54020,40,(1千)
科技,53943,14,(1千)
科技,53904,218,(2千)
科技,53897,47,(3千)
科技,53890,326,(1千)
科技,53857,335,(1千)
科技,53854,160,(1万)
科技,53828,801,(5千)
科技,53811,284,(1千)
科技,53731,1163,(1万)
科技,53683,98,(3千)
科技,53662,294,(2千)
科技,53643,718,(1千)
科技,53632,31,(171)
科技,53631,436,(1千)
科技,53625,249,(1千)
科技,53619,226,(1千)
科技,53577,198,(1千)
科技,53576,216,(390)
科技,53539,8,(460)
科技,53524,161,(1万)
科技,53489,189,(892)
科技,53365,26,(514)
科技,53189,412,(3千)
科技,53139,17,(212)
科技,53053,65,(172)
科技,53047,324,(6千)
科技,53010,43,(162)
科技,52925,6049,(3万)
科技,52912,137,(2千)
科技,52894,1098,(1千)
科技,52866,74,(426)
科技,52862,64,(215)
科技,52829,30,(204)
科技,52786,28,(90)
科技,52748,105,(397)
科技,52736,35,(306)
科技,52709,373,(1千)
科技,52676,318,(2千)
科技,52662,958,(2千)
科技,52658,142,(1千)
科技,52643,262,(1千)
科技,52623,453,(1万)
科技,52616,47,(1万)
科技,52608,27,(391)
科技,52601,73,(1千)
科技,52590,929,(1千)
科技,52577,149,(766)
科技,52544,10,(54)
科技,52524,139,(3千)
科技,52514,335,(5千)
科技,52509,42,(238)
科技,52484,82,(1万)
科技,52476,3466,(9千)
科技,52416,276,(5千)
科技,52415,98,(372)
科技,52409,159,(1万)
科技,52359,1201,(1万)
科技,52169,84,(2千)
科技,52167,284,(6千)
科技,52162,93,(1千)
科技,52149,199,(2千)
科技,52144,253,(2千)
科技,52136,62,(457)
科技,52130,129,(1千)
科技,52111,442,(574)
科技,52104,321,(1千)
科技,52065,39,(622)
科技,52033,40,(1千)
科技,51987,63,(5千)
科技,51959,241,(1千)
科技,51957,249,(1千)
科技,51905,32,(267)
科技,51831,92,(3千)
科技,51803,42,(237)
科技,51795,58,(231)
科技,51794,92,(565)
科技,51752,46,(150)
科技,51726,434,(1千)
科技,51676,722,(3千)
科技,51674,489,(1千)
科技,51670,2341,(3千)
科技,51669,22,(236)
科技,51646,29,(2千)
科技,51618,84,(5千)
科技,51617,19,(163)
科技,51613,62,(719)
科技,51608,230,(1千)
科技,51583,55,(1千)
科技,51544,126,(435)
科技,51519,53,(436)
科技,51516,153,(1千)
科技,51509,213,(702)
科技,51478,120,(412)
科技,51301,5,(116)
科技,51271,142,(1千)
科技,51213,36,(217)
科技,51209,19,(91)
科技,51204,498,(1万)
科技,51194,512,(6千)
科技,51172,98,(6千)
科技,51057,141,(4千)
科技,51020,84,(1千)
科技,50973,112,(4千)
科技,50897,38,(230)
科技,50880,96,(916)
科技,50839,1041,(3千)
科技,50796,2288,(3万)
科技,50741,267,(3千)
科技,50364,142,(1万)
科技,50358,10,(158)
科技,50350,106,(537)
科技,50326,962,(4千)
科技,50287,82,(922)
科技,50224,51,(1万)
科技,50208,332,(1千)
科技,50185,85,(401)
科技,50177,252,(2千)
科技,50141,143,(2万)
科技,50125,173,(2千)
科技,50104,269,(2千)
科技,50079,503,(3千)
科技,50037,91,(310)
科技,50015,21,(288)
科技,49983,28,(2千)
科技,49970,237,(941)
科技,49900,127,(3千)
科技,49806,464,(2千)
科技,49795,55,(426)
科技,49780,88,(1千)
科技,49709,231,(1千)
科技,49675,234,(1千)
科技,49674,99,(1千)
科技,49651,24,(188)
科技,49516,176,(1万)
科技,49414,67,(733)
科技,49368,211,(1千)
科技,49357,99,(1千)
科技,49348,439,(7千)
科技,49343,174,(1千)
科技,49307,61,(1万)
科技,49306,32,(1千)
科技,49285,313,(4千)
科技,49269,6,(283)
科技,49267,287,(8千)
科技,49255,40,(1万)
科技,49228,1208,(2万)
科技,49184,37,(1千)
科技,49140,344,(6千)
科技,49130,11,(163)
科技,49112,68,(545)
科技,49092,93,(1千)
科技,49087,81,(551)
科技,49083,258,(1千)
科技,49032,29,(164)
科技,48984,20,(215)
科技,48905,111,(2万)
科技,48817,1300,(859)
科技,48815,1771,(2万)
科技,48806,165,(1千)
科技,48786,28,(660)
科技,48756,121,(1万)
科技,48741,24,(123)
科技,48735,484,(609)
科技,48715,146,(767)
科技,48714,30,(761)
科技,48451,48,(344)
科技,48444,462,(7千)
科技,48434,32,(1千)
科技,48420,49,(299)
科技,48416,141,(2千)
科技,48401,109,(1千)
科技,48379,135,(559)
科技,48376,23,(222)
科技,48365,27,(460)
科技,48363,42,(371)
科技,48361,526,(1万)
科技,48354,26,(963)
科技,48352,57,(1千)
科技,48281,920,(7千)
科技,48280,10,(188)
科技,48247,257,(906)
科技,48140,30,(299)
科技,48137,18,(251)
科技,48103,15,(184)
科技,48098,458,(2千)
科技,48082,22,(94)
科技,48073,2703,(2万)
科技,48072,170,(1千)
科技,48028,16,(274)
科技,48017,132,(834)
科技,47997,629,(3万)
科技,47981,618,(1千)
科技,47970,395,(1千)
科技,47956,121,(1千)
科技,47934,148,(1万)
科技,47933,69,(444)
科技,47917,717,(1千)
科技,47908,40,(288)
科技,47906,70,(1千)
科技,47903,303,(728)
科技,47871,168,(6千)
科技,47855,28,(136)
科技,47825,214,(1千)
科技,47808,48,(2千)
科技,47761,1860,(3万)
科技,47760,83,(1万)
科技,47633,80,(2千)
科技,47612,215,(8千)
科技,47548,23,(120)
科技,47545,44,(708)
科技,47544,59,(316)
科技,47435,241,(4千)
科技,47429,224,(2万)
科技,47359,2,(29)
科技,47357,228,(5千)
科技,47347,556,(1万)
科技,47333,74,(333)
科技,47311,22,(255)
科技,47290,20,(297)
科技,47286,90,(1千)
科技,47276,453,(3万)
科技,47242,46,(337)
科技,47241,52,(415)
科技,47232,65,(304)
科技,47220,53,(340)
科技,47212,451,(1千)
科技,47163,222,(674)
科技,46987,115,(385)
科技,47088,6,(1千)
科技,47120,62,(1千)
科技,46993,232,(1万)
科技,46771,292,(768)
科技,47067,654,(8千)
科技,46734,315,(1万)
科技,46695,95,(485)
科技,46648,280,(1千)
科技,46704,680,(2千)
科技,46636,96,(2千)
科技,46651,14,(137)
科技,46584,67,(2万)
科技,46559,81,(736)
科技,46592,278,(4千)
科技,46508,34,(157)
科技,46425,193,(439)
科技,46497,194,(1千)
科技,46416,64,(219)
科技,46414,54,(653)
科技,46398,239,(548)
科技,46341,15,(1千)
科技,46313,56,(209)
科技,46321,277,(1千)
科技,46295,289,(1千)
科技,46287,231,(546)
科技,46278,58,(1万)
科技,46229,85,(1千)
科技,46202,42,(5千)
科技,46170,53,(646)
科技,46048,4,(48)
科技,46013,154,(2千)
科技,46012,272,(929)
科技,45987,25,(125)
科技,46200,98,(955)
科技,45972,248,(860)
科技,45939,60,(198)
科技,46162,5,(81)
科技,45866,95,(553)
科技,45846,471,(1千)
科技,45841,307,(1千)
科技,45890,92,(499)
科技,45839,1683,(7千)
科技,45831,71,(650)
科技,45973,234,(1千)
科技,45820,580,(5千)
科技,45774,84,(1千)
科技,45667,73,(566)
科技,45728,33,(311)
科技,45661,1639,(4千)
科技,45602,11057,(3万)
科技,45632,35,(353)
科技,45597,132,(1千)
科技,45520,79,(446)
科技,45505,132,(411)
科技,45450,81,(245)
科技,45449,238,(3千)
科技,45231,148,(2千)
科技,45342,40,(487)
科技,45183,272,(2千)
科技,45161,23,(327)
科技,45138,64,(3千)
科技,45127,21,(88)
科技,44885,76,(666)
科技,44837,606,(3千)
科技,44755,51,(176)
科技,44715,78,(646)
科技,44884,49,(82)
科技,44799,42,(1千)
科技,44697,86,(2千)
科技,44608,219,(2千)
科技,44705,99,(899)
科技,44534,77,(1千)
科技,44704,26,(117)
科技,44511,132,(1千)
科技,44517,74,(529)
科技,44563,38,(406)
科技,44520,66,(652)
科技,44473,67,(628)
科技,44448,38,(273)
科技,44466,77,(3千)
科技,44366,36,(143)
科技,44365,263,(1千)
科技,44344,747,(1千)
科技,44245,128,(1千)
科技,44232,307,(416)
科技,44330,111,(1千)
科技,44242,37,(163)
科技,44225,650,(6千)
科技,44198,33,(151)
科技,44189,131,(528)
科技,44183,120,(809)
科技,44178,220,(3千)
科技,44162,39,(698)
科技,44150,52,(1千)
科技,44165,53,(958)
科技,44123,18147,(4万)
科技,44014,319,(725)
科技,44093,26,(1千)
科技,44002,167,(997)
科技,43976,225,(1千)
科技,43953,32,(459)
科技,43914,263,(797)
科技,43923,37,(1千)
科技,43878,23,(319)
科技,43846,60,(6千)
科技,43936,353,(1千)
科技,43841,49,(120)
科技,43853,214,(111)
科技,43826,88,(432)
科技,43816,108,(1万)
科技,43829,115,(418)
科技,43813,18,(620)
科技,43778,81,(1万)
科技,43731,522,(5千)
科技,43746,63,(408)
科技,43634,42,(182)
科技,43660,325,(2千)
科技,43612,45,(461)
科技,43625,680,(1千)
科技,43632,346,(4千)
科技,43618,73,(435)
科技,43554,189,(3千)
科技,43543,339,(1千)
科技,43489,35,(377)
科技,43328,125,(2千)
科技,43487,297,(1千)
科技,43323,55,(436)
科技,43316,481,(1千)
科技,43189,38,(380)
科技,43164,204,(1千)
科技,43201,253,(360)
科技,43111,636,(3千)
科技,42961,587,(3千)
科技,42899,17,(133)
科技,43047,1272,(1万)
科技,42888,136,(1千)
科技,42841,113,(600)
科技,43150,14,(150)
科技,42623,137,(833)
科技,42585,959,(2千)
科技,42617,500,(727)
科技,42570,127,(1千)
科技,42565,269,(1千)
科技,42474,58,(2千)
科技,42528,54,(233)
科技,42438,86,(309)
科技,42437,53,(839)
科技,42390,41,(220)
科技,42521,296,(3千)
科技,42267,62,(3千)
科技,42217,44,(454)
科技,42203,66,(748)
科技,42157,87,(1千)
科技,42159,265,(679)
科技,42115,70,(950)
科技,42133,238,(3千)
科技,42082,180,(356)
科技,41983,31,(1千)
科技,42156,829,(6千)
科技,41929,25,(205)
科技,42065,149,(1千)
科技,41956,298,(1千)
科技,41889,14,(122)
科技,41900,82,(957)
科技,41804,17,(197)
科技,41795,48,(930)
科技,41787,191,(436)
科技,41780,413,(2千)
科技,41754,46,(365)
科技,41776,248,(1千)
科技,41797,53,(395)
科技,41748,147,(3千)
科技,41690,4473,(3万)
科技,41775,735,(1千)
科技,41642,141,(1万)
科技,41644,267,(429)
科技,41631,142,(811)
科技,41649,60,(397)
科技,41620,259,(1千)
科技,41621,449,(2千)
科技,41586,74,(218)
科技,41607,29,(95)
科技,41477,24,(2千)
科技,41616,625,(4千)
科技,41466,19,(138)
科技,41575,223,(2千)
科技,41401,206,(414)
科技,41425,255,(577)
科技,41400,153,(966)
科技,41346,36,(268)
科技,41198,34,(168)
科技,41175,203,(1千)
科技,41204,51,(434)
科技,41168,181,(1万)
科技,41149,249,(3千)
科技,41145,39,(257)
科技,41133,123,(424)
科技,41124,49,(313)
科技,41090,272,(4千)
科技,41078,21,(325)
科技,41088,185,(5千)
科技,41056,13,(141)
科技,40932,88,(276)
科技,40889,977,(2千)
科技,40886,23,(191)
科技,40764,51,(235)
科技,40952,89,(659)
科技,40763,168,(5千)
科技,40754,107,(8千)
科技,40757,22,(145)
科技,40751,158,(820)
科技,40747,5016,(678)
科技,40753,164,(1千)
科技,40742,58,(537)
科技,40729,51,(116)
科技,40715,46,(366)
科技,40697,113,(120)
科技,40675,125,(460)
科技,40636,57,(186)
科技,40543,607,(2千)
科技,40613,47,(571)
科技,40537,212,(1千)
科技,40446,1044,(3千)
科技,40425,14,(78)
科技,40381,15,(70)
科技,40393,38,(1万)
科技,40341,648,(856)
科技,40348,36,(220)
科技,40338,39,(214)
科技,40335,125,(685)
科技,40320,34,(244)
科技,40310,78,(303)
科技,40322,4167,(4万)
科技,40284,81,(1万)
科技,40283,507,(5千)
科技,40278,39,(297)
科技,34768,69,(743)
科技,34744,16,(85)
科技,40193,169,(2千)
科技,34742,126,(429)
科技,34760,275,(1千)
科技,35151,66,(299)
科技,34737,176,(778)
科技,34676,405,(1千)
科技,34652,28,(133)
科技,34631,11,(111)
科技,34617,312,(2千)
科技,34628,1283,(4千)
科技,34616,53,(160)
科技,34681,92,(1千)
科技,34578,120,(287)
科技,34565,31,(199)
科技,34556,196,(1千)
科技,34553,24,(102)
科技,34550,1021,(1万)
科技,34598,214,(1千)
科技,34527,76,(283)
科技,34535,149,(323)
科技,34510,40,(560)
科技,34520,84,(256)
科技,34505,470,(4千)
科技,34491,49,(133)
科技,34421,122,(258)
科技,34380,115,(847)
科技,34481,51,(500)
科技,34397,35,(175)
科技,34374,76,(682)
科技,34371,30,(89)
科技,34363,21,(84)
科技,34352,99,(289)
科技,34365,124,(640)
科技,34229,63,(2千)
科技,34350,107,(343)
科技,34203,6,(55)
科技,34379,765,(4千)
科技,34145,34,(178)
科技,34150,12,(111)
科技,34202,159,(7千)
科技,34130,60,(746)
科技,34121,119,(929)
科技,34032,260,(2千)
科技,34071,23,(191)
科技,34020,98,(1千)
科技,34017,28,(181)
科技,34018,17,(208)
科技,34009,42,(222)
科技,33999,20,(281)
科技,33994,27,(173)
科技,33985,9,(49)
科技,33984,33,(2千)
科技,33967,45,(576)
科技,34134,731,(1千)
科技,33959,29,(166)
科技,33951,309,(1千)
科技,33909,42,(531)
科技,33899,90,(1千)
科技,33910,210,(493)
科技,33887,55,(1万)
科技,33855,219,(923)
科技,33837,299,(733)
科技,33835,26,(69)
科技,33836,40,(207)
科技,33829,82,(242)
科技,33819,35,(165)
科技,33772,587,(753)
科技,33764,146,(742)
科技,33744,537,(1千)
科技,33821,1733,(1万)
科技,33743,561,(3万)
科技,33814,140,(705)
科技,33720,146,(335)
科技,33713,231,(1千)
科技,33689,285,(1千)
科技,33686,37,(226)
科技,33675,212,(1千)
科技,33651,80,(345)
科技,33643,8,(47)
科技,33677,35,(106)
科技,33676,24,(464)
科技,33619,48,(407)
科技,33617,73,(530)
科技,33570,33,(186)
科技,33510,90,(343)
科技,33487,108,(1千)
科技,33278,89,(745)
科技,33221,29,(143)
科技,33152,84,(510)
科技,33191,72,(159)
科技,33141,5460,(2千)
科技,33136,284,(745)
科技,33101,4128,(3万)
科技,33096,112,(1千)
科技,33087,6206,(5千)
科技,33013,105,(704)
科技,33078,246,(1千)
科技,33038,182,(1千)
科技,33009,1151,(8千)
科技,32988,288,(3千)
科技,32860,137,(1千)
科技,32878,590,(2千)
科技,32938,45,(78)
科技,32856,6,(147)
科技,32808,159,(723)
科技,32787,137,(602)
科技,32777,51,(151)
科技,32747,222,(503)
科技,32726,112,(856)
科技,32722,134,(669)
科技,32786,23,(129)
科技,32720,132,(191)
科技,32696,574,(3千)
科技,32684,35,(1万)
科技,32702,18,(248)
科技,32667,224,(1千)
科技,31753,98,(353)
科技,31729,75,(2千)
科技,31712,163,(284)
科技,31685,236,(346)
科技,32671,880,(1万)
科技,31684,430,(1千)
科技,31673,85,(346)
科技,31671,139,(2千)
科技,31648,131,(259)
科技,31670,271,(2千)
科技,31681,34,(308)
科技,31569,789,(2千)
科技,31552,174,(1千)
科技,31534,611,(3千)
科技,31520,719,(2千)
科技,31478,73,(427)
科技,31510,308,(248)
科技,31476,127,(318)
科技,31477,1119,(2千)
科技,31455,97,(1千)
科技,31427,23,(272)
科技,31405,131,(1千)
科技,31408,67,(474)
科技,31397,99,(260)
科技,31378,1856,(1万)
科技,31355,44,(318)
科技,31363,5,(59)
科技,31306,154,(9千)
科技,31270,58,(257)
科技,31246,183,(1千)
科技,31242,90,(422)
科技,31177,142,(383)
科技,31100,58,(646)
科技,30908,24,(127)
科技,31159,26,(299)
科技,30894,6638,(3万)
科技,30918,58,(1千)
科技,30890,47,(149)
科技,31135,136,(810)
科技,30892,248,(1千)
科技,30816,1,(65)
科技,30810,481,(2千)
科技,30801,23,(131)
科技,30791,45,(193)
科技,30787,471,(1千)
科技,30783,126,(285)
科技,30741,85,(1千)
科技,30760,10,(82)
科技,30717,57,(253)
科技,30710,217,(1千)
科技,30647,31,(5千)
科技,30610,151,(753)
科技,30673,32,(132)
科技,30619,45,(377)
科技,30478,98,(188)
科技,30539,169,(354)
科技,30460,269,(1千)
科技,30422,465,(1千)
科技,30419,40,(329)
科技,30454,67,(390)
科技,30403,24,(260)
科技,30273,393,(1千)
科技,30388,66,(175)
科技,30208,63,(369)
科技,30205,308,(578)
科技,30157,864,(2千)
科技,30134,133,(546)
科技,30380,29,(148)
科技,30072,51,(592)
科技,30052,32,(202)
科技,30065,474,(1千)
科技,29991,272,(4千)
科技,29982,491,(2万)
科技,30063,41,(278)
科技,29977,250,(1万)
科技,29943,50,(194)
科技,29941,32,(322)
科技,29954,106,(188)
科技,29884,48,(172)
科技,29861,20,(101)
科技,29897,88,(2千)
科技,29859,336,(1万)
科技,29812,125,(1千)
科技,29809,589,(1千)
科技,29831,10,(108)
科技,29795,44,(223)
科技,29792,435,(1千)
科技,29788,72,(352)
科技,29786,179,(6千)
科技,29759,326,(1千)
科技,29745,32,(220)
科技,29756,7,(74)
科技,29738,1261,(3千)
科技,29733,20,(2千)
科技,29726,132,(308)
科技,29730,1037,(2千)
科技,29715,32,(248)
科技,29723,1126,(8千)
科技,29683,162,(963)
科技,29690,59,(4千)
科技,29658,1268,(2千)
科技,29626,328,(2千)
科技,29560,75,(302)
科技,29855,103,(743)
科技,29553,35,(78)
科技,29550,20,(5千)
科技,29540,17,(120)
科技,29614,16,(1万)
科技,29523,144,(559)
科技,29538,2770,(3万)
科技,29522,54,(368)
科技,29443,92,(645)
科技,29502,161,(331)
科技,29431,15,(104)
科技,29517,3,(101)
科技,29423,199,(1千)
科技,29404,140,(2千)
科技,29356,47,(187)
科技,29353,111,(776)
科技,29352,340,(1千)
科技,29339,41,(192)
科技,29426,244,(498)
科技,29322,99,(200)
科技,29333,16,(69)
科技,29262,42,(338)
科技,29282,130,(3千)
科技,29197,170,(550)
科技,29236,36,(2千)
科技,29130,52,(222)
科技,29127,51,(267)
科技,29338,34,(142)
科技,29121,274,(2万)
科技,29119,17,(157)
科技,29087,24,(100)
科技,29115,40,(111)
科技,29064,37,(635)
科技,29057,583,(2千)
科技,29050,31,(123)
科技,29079,680,(3千)
科技,28994,60,(1千)
科技,28923,59,(307)
科技,28872,973,(2千)
科技,28963,112,(229)
科技,28839,282,(1千)
科技,28819,22,(260)
科技,28751,99,(802)
科技,28764,90,(539)
科技,29069,164,(399)
科技,28770,97,(3千)
科技,28733,879,(700)
科技,28719,51,(257)
科技,28709,3502,(5千)
科技,28686,209,(724)
科技,28747,964,(1万)
科技,28682,258,(592)
科技,28673,102,(1万)
科技,28716,92,(906)
科技,28670,34,(276)
科技,28639,32,(166)
科技,28643,18,(126)
科技,28636,72,(174)
科技,28608,39,(143)
科技,28621,1249,(1千)
科技,28586,161,(552)
科技,28543,94,(304)
科技,28534,269,(5千)
科技,28533,9,(61)
科技,28536,18,(288)
科技,28530,67,(174)
科技,28488,86,(2千)
科技,28482,107,(1千)
科技,28453,38,(178)
科技,28353,365,(7千)
科技,28450,44,(302)
科技,28447,286,(1千)
科技,28344,74,(362)
科技,28322,16,(137)
科技,28311,159,(630)
科技,28291,23,(108)
科技,28279,89,(1千)
科技,28274,36,(106)
科技,28267,214,(1千)
科技,28263,3407,(3万)
科技,28260,97,(314)
科技,28214,20,(285)
科技,28236,189,(1千)
科技,28198,991,(988)
科技,28196,73,(262)
科技,28182,81,(1千)
科技,28175,39,(363)
科技,28166,238,(569)
科技,28232,310,(1千)
科技,27977,1746,(2千)
科技,27966,248,(1千)
科技,28147,48,(548)
科技,27965,481,(4千)
科技,27951,40,(181)
科技,27949,52,(218)
科技,27946,215,(3千)
科技,27894,785,(1千)
科技,27888,13,(85)
科技,27861,43,(628)
科技,28043,83,(462)
科技,27814,50,(564)
科技,27812,4,(77)
科技,27811,277,(1千)
科技,27852,143,(263)
科技,27733,246,(1千)
科技,27723,40,(312)
科技,27775,74,(436)
科技,27806,32,(150)
科技,27645,36,(260)
科技,27630,294,(485)
科技,27773,105,(713)
科技,27600,176,(1千)
科技,27509,87,(182)
科技,27706,9,(86)
科技,27478,10,(82)
科技,27500,47,(5千)
科技,27489,254,(1千)
科技,27464,89,(753)
科技,27458,26,(191)
科技,27402,1614,(3万)
科技,27356,181,(526)
科技,27347,920,(3千)
科技,27279,18,(225)
科技,27273,129,(723)
科技,27301,57,(1千)
科技,27222,90,(6千)
科技,27152,99,(190)
科技,27139,144,(1千)
科技,27134,142,(4千)
科技,27216,37,(109)
科技,27126,590,(2千)
科技,27112,46,(251)
科技,27100,53,(517)
科技,27093,180,(172)
科技,27087,214,(2千)
科技,27080,54,(110)
科技,27177,286,(576)
科技,27050,288,(1千)
科技,27058,175,(1千)
科技,27030,140,(933)
科技,26993,202,(3千)
科技,26970,62,(509)
科技,27035,13,(84)
科技,26958,518,(2千)
科技,26952,119,(888)
科技,26945,278,(1千)
科技,26950,593,(822)
科技,26917,28,(857)
科技,26919,115,(594)
科技,26887,59,(211)
科技,26839,7212,(1万)
科技,26825,44,(377)
科技,26809,147,(1千)
科技,26791,10,(46)
科技,26798,56,(639)
科技,26778,277,(1千)
科技,26775,53,(1千)
科技,26766,189,(999)
科技,26670,48,(498)
科技,26651,89,(1千)
科技,26559,74,(1万)
科技,26673,121,(346)
科技,26530,19,(66)
科技,26510,818,(2千)
科技,26450,47,(152)
科技,26446,40,(320)
科技,26437,45,(403)
科技,26321,37,(154)
科技,26113,69,(243)
科技,26101,99,(1千)
科技,26417,332,(671)
科技,26048,126,(1千)
科技,25986,303,(1千)
科技,25982,63,(259)
科技,25939,78,(306)
科技,25961,14,(110)
科技,25851,570,(3千)
科技,25954,327,(2千)
科技,25880,73,(1千)
科技,25870,90,(222)
科技,25746,466,(631)
科技,25846,34,(203)
科技,25779,753,(813)
科技,25812,46,(218)
科技,25619,39,(80)
科技,25652,115,(720)
科技,25436,35,(215)
科技,25558,140,(1千)
科技,25529,488,(1万)
科技,25426,26,(193)
科技,25401,73,(301)
科技,25615,90,(216)
科技,25306,158,(723)
科技,25394,89,(397)
科技,25314,156,(373)
科技,25319,453,(2千)
科技,25293,19,(232)
科技,25285,617,(739)
科技,25256,278,(1千)
科技,25184,50,(389)
科技,25154,2238,(1千)
科技,25277,114,(503)
科技,25115,155,(3千)
科技,25205,59,(301)
科技,25081,364,(3千)
科技,25094,144,(277)
科技,25074,59,(1千)
科技,25062,110,(590)
科技,25068,199,(697)
科技,25057,184,(5千)
科技,25041,165,(493)
科技,25033,82,(482)
科技,25031,188,(375)
科技,25017,159,(4千)
科技,24991,751,(1千)
科技,24847,123,(356)
科技,24891,113,(300)
科技,24846,47,(205)
科技,24832,74,(231)
科技,24749,581,(6千)
科技,24745,79,(702)
科技,24799,144,(277)
科技,24742,488,(1千)
科技,25070,1145,(1万)
科技,24709,71,(271)
科技,24699,26,(611)
科技,24647,2341,(6千)
科技,24608,120,(569)
科技,24600,47,(211)
科技,24593,161,(1千)
科技,24582,166,(1千)
科技,24549,73,(533)
科技,24569,31,(305)
科技,24542,552,(7千)
科技,24725,30,(428)
科技,24527,27,(110)
科技,24505,82,(128)
科技,24464,186,(709)
科技,24498,987,(855)
科技,24450,122,(659)
科技,24444,818,(2千)
科技,24373,4,(72)
科技,24415,39,(111)
科技,24372,151,(854)
科技,24370,160,(924)
科技,24378,1191,(1千)
科技,24323,60,(218)
科技,24210,25,(1千)
科技,24139,64,(385)
科技,24136,314,(502)
科技,24122,53,(161)
科技,24110,10,(106)
科技,24105,74,(763)
科技,24082,148,(501)
科技,24065,31,(812)
科技,24069,260,(1千)
科技,24062,229,(2千)
科技,24351,67,(544)
科技,24040,405,(938)
科技,24023,178,(668)
科技,23988,460,(2千)
科技,23957,122,(294)
科技,23963,39,(231)
科技,24004,278,(1千)
科技,23935,27,(138)
科技,23881,38,(170)
科技,23887,59,(174)
科技,23967,378,(2千)
科技,23874,958,(4千)
科技,23760,356,(2千)
科技,23745,77,(289)
科技,23737,49,(231)
科技,23735,34,(368)
科技,23652,2,(73)
科技,23728,365,(978)
科技,23635,554,(1千)
科技,23618,105,(367)
科技,23617,28,(150)
科技,23616,51,(187)
科技,23502,1638,(8千)
科技,23516,175,(2千)
科技,23608,575,(5千)
科技,23486,71,(373)
科技,23498,113,(1千)
科技,23476,189,(1千)
科技,23412,186,(386)
科技,23315,62,(275)
科技,23210,37,(233)
科技,23420,107,(2千)
科技,23176,133,(332)
科技,23175,248,(1千)
科技,23437,101,(3千)
科技,23141,43,(352)
科技,23120,89,(344)
科技,23091,1925,(2千)
科技,23082,100,(138)
科技,23012,42,(310)
科技,22989,55,(275)
科技,22993,910,(1万)
科技,22976,95,(9千)
科技,22940,490,(1千)
科技,22884,47,(213)
科技,22939,81,(445)
科技,22877,36,(130)
科技,22827,1676,(1千)
科技,22763,86,(235)
科技,22702,39,(64)
科技,22681,19,(2千)
科技,22661,444,(4千)
科技,22657,54,(142)
科技,23134,339,(534)
科技,22638,51,(130)
科技,22620,572,(3千)
科技,22594,518,(1万)
科技,22605,459,(3千)
科技,22569,119,(542)
科技,22500,161,(2千)
科技,22476,255,(1千)
科技,22417,78,(564)
科技,22416,1871,(7千)
科技,22425,47,(2千)
科技,22399,625,(3千)
科技,22387,556,(4千)
科技,22373,522,(2千)
科技,22310,2575,(6千)
科技,22242,49,(251)
科技,22376,689,(3千)
科技,22227,228,(1千)
科技,22259,1131,(280)
科技,22216,67,(112)
科技,22230,77,(225)
科技,22168,291,(2千)
科技,22146,222,(257)
科技,22126,168,(378)
科技,21986,63,(134)
科技,21896,837,(8千)
科技,22200,269,(5千)
科技,21880,145,(839)
科技,21879,269,(1千)
科技,21873,257,(1千)
科技,21803,4468,(3万)
科技,21785,86,(467)
科技,21778,106,(665)
科技,21833,41,(74)
科技,21781,168,(5千)
科技,21773,204,(584)
科技,21769,1852,(1万)
科技,21756,202,(441)
科技,21739,567,(1千)
科技,21761,25,(118)
科技,21735,74,(77)
科技,21752,31,(166)
科技,21652,450,(1千)
科技,21680,29,(90)
科技,21646,212,(567)
科技,21482,231,(465)
科技,21565,14,(25)
科技,21645,89,(396)
科技,21404,298,(1千)
科技,21402,27,(197)
科技,21387,428,(585)
科技,21364,322,(702)
科技,21336,671,(4千)
科技,21328,22,(147)
科技,21142,563,(1万)
科技,21362,41,(191)
科技,21131,377,(948)
科技,21108,86,(752)
科技,21357,23,(112)
科技,21094,1215,(2千)
科技,21078,13,(69)
科技,21069,85,(193)
科技,21088,173,(518)
科技,21002,264,(2千)
科技,21054,128,(2千)
科技,20978,88,(346)
科技,20755,643,(5千)
科技,20836,39,(164)
科技,20951,113,(489)
科技,20718,151,(1千)
科技,20700,54,(181)
科技,20668,68,(204)
科技,20657,58,(208)
科技,20647,93,(477)
科技,20588,271,(500)
科技,20477,27,(297)
科技,20666,47,(218)
科技,20467,192,(2千)
科技,20214,378,(8千)
科技,20160,768,(4万)
科技,20175,57,(201)
科技,20142,34,(197)
科技,20298,1271,(1万)
科技,20005,49,(156)
科技,19992,64,(354)
科技,20042,55,(301)
科技,19990,819,(2千)
科技,19968,63,(419)
科技,20133,33,(150)
科技,19897,39,(223)
科技,19880,121,(263)
科技,19874,160,(528)
科技,19896,462,(9千)
科技,19850,40,(170)
科技,19808,63,(138)
科技,19782,38,(166)
科技,19780,197,(1千)
科技,19725,92,(314)
科技,19741,93,(555)
科技,19854,122,(530)
科技,19601,9,(102)
科技,19664,10,(126)
科技,19723,38,(144)
科技,19563,27,(173)
科技,19545,88,(143)
科技,19396,924,(1万)
科技,19367,123,(496)
科技,19310,33,(671)
科技,19291,83,(380)
科技,19284,936,(6千)
科技,19272,1072,(5千)
科技,19336,86,(237)
科技,19209,139,(284)
科技,19189,160,(5千)
科技,19187,320,(954)
科技,19186,163,(1千)
科技,19157,37,(157)
科技,19181,282,(2千)
科技,19152,120,(3千)
科技,19140,70,(388)
科技,19108,92,(1千)
科技,19065,112,(206)
科技,19028,47,(135)
科技,18930,179,(973)
科技,19060,72,(966)
科技,19000,43,(211)
科技,18829,215,(746)
科技,18785,159,(798)
科技,18763,738,(2千)
科技,18708,38,(234)
科技,18738,790,(6千)
科技,18690,120,(264)
科技,18801,178,(2千)
科技,18684,271,(982)
科技,18746,92,(381)
科技,18592,52,(758)
科技,18577,652,(2千)
科技,18612,30,(364)
科技,18565,37,(183)
科技,18581,20,(227)
科技,18647,64,(319)
科技,18453,312,(1千)
科技,18473,54,(322)
科技,18496,308,(747)
科技,18372,36,(200)
科技,18467,434,(3千)
科技,18361,378,(1千)
科技,18347,243,(1千)
科技,18263,1575,(1万)
科技,18122,90,(743)
科技,18331,185,(823)
科技,18083,51,(145)
科技,17978,150,(1千)
科技,17965,635,(1千)
科技,17943,647,(1千)
科技,17903,108,(395)
科技,17860,174,(1千)
科技,17851,44,(234)
科技,17827,46,(596)
科技,17822,64,(453)
科技,17791,211,(908)
科技,17797,101,(645)
科技,17789,258,(1千)
科技,17688,69,(308)
科技,17663,123,(297)
科技,17661,142,(1千)
科技,17762,449,(6千)
科技,17778,73,(355)
科技,17574,914,(7千)
科技,17495,1328,(3千)
科技,17476,755,(2千)
科技,17414,47,(276)
科技,17497,111,(244)
科技,17364,111,(376)
科技,17454,193,(2千)
科技,17350,1134,(8千)
科技,17327,68,(228)
科技,17320,153,(455)
科技,17307,123,(957)
科技,17324,889,(2千)
科技,17272,67,(456)
科技,17267,1325,(3千)
科技,17205,101,(3千)
科技,17191,195,(1千)
科技,17186,101,(1千)
科技,17129,433,(3千)
科技,17130,122,(1千)
科技,17115,101,(589)
科技,17025,30,(136)
科技,17024,105,(448)
科技,17081,439,(2千)
科技,17083,64,(221)
科技,17087,164,(1千)
科技,17000,446,(8千)
科技,16870,28,(196)
科技,16983,82,(1千)
科技,16978,341,(2千)
科技,16838,515,(1千)
科技,16847,20,(101)
科技,16830,62,(374)
科技,16815,363,(1万)
科技,16777,119,(839)
科技,16779,34,(230)
科技,16697,104,(361)
科技,16701,29,(93)
科技,16664,44,(606)
科技,16742,147,(229)
科技,16642,89,(416)
科技,16630,190,(2千)
科技,16612,67,(535)
科技,16594,203,(632)
科技,16548,66,(1千)
科技,16538,36,(391)
科技,16533,76,(141)
科技,16465,3662,(3万)
科技,16672,148,(417)
科技,16439,40,(182)
科技,16416,18,(619)
科技,16291,44,(222)
科技,16346,247,(1千)
科技,16422,225,(3千)
科技,16277,91,(1千)
科技,16218,515,(1千)
科技,16214,635,(2千)
科技,16206,120,(1千)
科技,16201,68,(745)
科技,16177,67,(2千)
科技,16158,729,(4千)
科技,16107,796,(1千)
科技,16060,60,(470)
科技,16013,701,(1千)
科技,15994,155,(555)
科技,15988,2633,(3万)
科技,15955,40,(106)
科技,15930,110,(715)
科技,15887,133,(175)
科技,15933,123,(965)
科技,15861,154,(1千)
科技,15872,40,(85)
科技,15829,652,(5千)
科技,15684,561,(870)
科技,15597,151,(223)
科技,15555,99,(368)
科技,15591,222,(3千)
科技,15537,91,(284)
科技,15674,91,(313)
科技,15490,75,(215)
科技,15528,130,(403)
科技,15489,188,(932)
科技,15475,19,(182)
科技,15488,248,(976)
科技,15408,100,(577)
科技,15384,33,(336)
科技,15453,461,(1千)
科技,15377,428,(1千)
科技,15329,46,(309)
科技,15372,39,(213)
科技,15336,122,(293)
科技,15320,366,(786)
科技,15327,1747,(1万)
科技,15306,1255,(3千)
科技,15303,36,(183)
科技,15297,88,(427)
科技,15294,101,(543)
科技,15309,174,(540)
科技,15167,189,(2千)
科技,15166,187,(6千)
科技,15168,682,(4千)
科技,15143,71,(553)
科技,15054,99,(1千)
科技,15057,538,(1千)
科技,15033,38,(149)
科技,15013,162,(1千)
科技,15010,23,(104)
科技,15277,48,(227)
科技,14999,143,(828)
科技,14997,32,(293)
科技,14960,213,(800)
科技,14944,82,(409)
科技,14940,237,(591)
科技,14958,67,(397)
科技,14939,62,(1千)
科技,14931,44,(306)
科技,14885,8,(264)
科技,14896,146,(364)
科技,14878,45,(1千)
科技,14856,120,(9千)
科技,14857,101,(332)
科技,14849,72,(313)
科技,14705,149,(2千)
科技,14794,125,(661)
科技,14770,93,(299)
科技,14671,40,(306)
科技,14599,35,(171)
科技,14509,173,(978)
科技,14546,40,(470)
科技,14479,157,(531)
科技,14471,354,(1千)
科技,14374,215,(3千)
科技,14360,43,(203)
科技,14312,30,(957)
科技,14553,45,(908)
科技,14293,64,(171)
科技,14307,1663,(1万)
科技,14234,57,(181)
科技,14246,333,(4千)
科技,14165,207,(863)
科技,14148,81,(483)
科技,14151,2784,(1万)
科技,14294,128,(388)
科技,14079,193,(1千)
科技,14076,105,(627)
科技,14089,212,(366)
科技,14031,236,(282)
科技,14012,127,(950)
科技,14070,40,(1千)
科技,13990,224,(381)
科技,13974,25,(112)
科技,13900,22,(60)
科技,13861,25,(663)
科技,13993,300,(4千)
科技,13849,192,(646)
科技,13822,47,(244)
科技,13798,23,(220)
科技,13792,94,(873)
科技,13797,28,(117)
科技,13754,3314,(3万)
科技,13789,204,(1千)
科技,13694,36,(375)
科技,13699,46,(201)
科技,13645,353,(1千)
科技,13598,36,(440)
科技,13590,104,(599)
科技,13600,314,(3千)
科技,13582,70,(323)
科技,13576,47,(222)
科技,13569,64,(178)
科技,13548,100,(671)
科技,13510,143,(497)
科技,13560,71,(430)
科技,13452,224,(772)
科技,13522,275,(306)
科技,13448,66,(306)
科技,13470,85,(266)
科技,13437,69,(172)
科技,13428,154,(393)
科技,13405,68,(302)
科技,13426,102,(259)
科技,13398,142,(906)
科技,13381,79,(716)
科技,13284,79,(316)
科技,13119,132,(395)
科技,13273,198,(5千)
科技,13098,304,(3千)
科技,13351,448,(1千)
科技,13075,32,(1千)
科技,12976,78,(188)
科技,13003,153,(309)
科技,12940,418,(863)
科技,12996,94,(625)
科技,12928,39,(242)
科技,12895,33,(169)
科技,12896,225,(518)
科技,12846,161,(331)
科技,12806,733,(4千)
科技,12802,73,(918)
科技,12717,38,(75)
科技,12786,698,(7千)
科技,12700,418,(3千)
科技,12699,85,(446)
科技,12693,32,(101)
科技,12680,226,(1千)
科技,12711,2066,(6千)
科技,12666,314,(1千)
科技,12829,38,(110)
科技,12621,967,(2千)
科技,12529,82,(395)
科技,12541,59,(311)
科技,12610,67,(217)
科技,12513,31,(155)
科技,12477,250,(1千)
科技,12406,411,(2千)
科技,12401,203,(4千)
科技,12453,405,(4千)
科技,12379,339,(4千)
科技,12370,148,(300)
科技,12327,290,(1千)
科技,12285,117,(806)
科技,12269,245,(1千)
科技,12266,715,(1万)
科技,12424,97,(663)
科技,12261,91,(482)
科技,12212,68,(421)
科技,12384,73,(820)
科技,12200,54,(681)
科技,12198,64,(421)
科技,12101,304,(415)
科技,12179,209,(902)
科技,12033,74,(104)
科技,12215,97,(488)
科技,11993,120,(190)
科技,11977,171,(1千)
科技,11814,14,(71)
科技,11747,157,(904)
科技,11654,108,(504)
科技,11636,131,(360)
科技,11647,45,(291)
科技,11627,79,(294)
科技,11576,274,(870)
科技,11611,47,(106)
科技,11544,85,(513)
科技,11554,108,(4千)
科技,11457,56,(241)
科技,11446,374,(2千)
科技,11438,525,(1千)
科技,11389,85,(301)
科技,11386,703,(6千)
科技,11418,60,(172)
科技,11375,262,(2千)
科技,11328,101,(277)
科技,11129,80,(232)
科技,11139,315,(1千)
科技,11312,116,(421)
科技,11102,130,(655)
科技,11133,816,(2千)
科技,11071,71,(279)
科技,11057,151,(409)
科技,11046,263,(962)
科技,10932,99,(1万)
科技,10983,224,(442)
科技,10918,105,(455)
科技,10962,61,(218)
科技,10786,41,(223)
科技,10752,138,(459)
科技,10606,8340,(465)
科技,10661,217,(1千)
科技,10592,567,(1千)
科技,10593,970,(3千)
科技,10581,63,(2千)
科技,10571,325,(2千)
科技,10559,32,(144)
科技,10506,84,(3千)
科技,10465,61,(266)
科技,10457,9,(63)
科技,10501,92,(178)
科技,10443,367,(959)
科技,10416,145,(1千)
科技,10397,230,(1千)
科技,10437,78,(312)
科技,10375,136,(742)
科技,10347,673,(1千)
科技,10338,64,(180)
科技,10304,1279,(5千)
科技,10346,96,(495)
科技,10260,206,(950)
科技,10198,145,(1千)
科技,10042,1129,(2千)
科技,10225,189,(493)
科技,9962,139,(1千)
科技,9922,172,(664)
科技,9980,146,(960)
科技,9921,273,(1千)
科技,10043,117,(668)
科技,9871,689,(1千)
科技,9854,475,(2千)
科技,9883,481,(1万)
科技,9801,154,(821)
科技,9869,279,(1千)
科技,9645,163,(336)
科技,9682,1159,(1千)
科技,9703,411,(3千)
科技,9618,315,(380)
科技,9632,133,(485)
科技,9598,181,(364)
科技,9540,91,(177)
科技,9493,205,(787)
科技,9474,166,(377)
科技,9316,34,(132)
科技,9538,35,(111)
科技,9312,42,(291)
科技,9469,95,(498)
科技,9196,330,(3千)
科技,9054,167,(1千)
科技,9214,160,(396)
科技,8997,1538,(2千)
科技,9245,342,(1万)
科技,8958,48,(155)
科技,8796,254,(626)
科技,8968,313,(561)
科技,8654,66,(391)
科技,8763,80,(366)
科技,8632,126,(431)
科技,8586,130,(676)
科技,8545,105,(722)
科技,8542,515,(1千)
科技,8536,344,(1千)
科技,8534,135,(371)
科技,8430,336,(948)
科技,8774,109,(302)
科技,8444,125,(1千)
科技,8403,104,(296)
科技,8375,3501,(1万)
科技,8392,80,(673)
科技,8349,110,(274)
科技,8250,278,(1千)
科技,8249,100,(535)
科技,8247,183,(990)
科技,8233,248,(602)
科技,8158,163,(643)
科技,8232,182,(599)
科技,8151,206,(1万)
科技,8055,78,(278)
科技,8019,338,(988)
科技,8086,187,(270)
科技,8117,38,(237)
科技,7978,410,(759)
科技,8026,635,(1千)
科技,7922,29,(88)
科技,7926,132,(912)
科技,7944,106,(224)
科技,7854,47,(381)
科技,7895,300,(304)
科技,7783,98,(452)
科技,7748,59,(235)
科技,7838,1066,(2千)
科技,7746,86,(147)
科技,7894,124,(385)
科技,7738,152,(417)
科技,7734,61,(667)
科技,7708,387,(433)
科技,7741,268,(836)
科技,7698,158,(286)
科技,7695,221,(1千)
科技,7691,102,(256)
科技,7664,105,(207)
科技,7603,718,(2千)
科技,7598,108,(2千)
科技,7661,78,(213)
科技,7557,187,(1千)
科技,7455,315,(1千)
科技,7372,112,(277)
科技,7442,140,(306)
科技,7298,424,(539)
科技,7572,9584,(1万)
科技,7274,133,(450)
科技,7239,14,(79)
科技,7233,584,(2千)
科技,7224,57,(285)
科技,7177,314,(2千)
科技,7116,35,(219)
科技,7195,83,(155)
科技,7131,47,(159)
科技,7471,99,(175)
科技,7089,277,(682)
科技,7101,178,(1千)
科技,7058,46,(263)
科技,7003,2593,(5千)
科技,6991,552,(3千)
科技,6953,418,(3千)
科技,6942,962,(1千)
科技,6837,170,(5千)
科技,6839,319,(954)
科技,6808,486,(859)
科技,6810,120,(309)
科技,6802,117,(762)
科技,6771,83,(482)
科技,6730,699,(7千)
科技,6883,61,(281)
科技,6723,82,(319)
科技,6744,1836,(9千)
科技,6757,60,(190)
科技,6697,192,(853)
科技,6688,221,(357)
科技,6649,59,(342)
科技,6619,89,(383)
科技,6570,556,(2千)
科技,6553,219,(577)
科技,6708,55,(413)
科技,6474,295,(959)
科技,6503,70,(419)
科技,6418,96,(350)
科技,6512,148,(518)
科技,6401,117,(985)
科技,6308,25,(56)
科技,6333,122,(369)
科技,6247,161,(592)
科技,6218,104,(1千)
科技,6223,396,(978)
科技,6504,171,(2千)
科技,6197,23,(66)
科技,6187,84,(876)
科技,6165,199,(324)
科技,6152,311,(896)
科技,6148,147,(844)
科技,6101,147,(171)
科技,6092,128,(357)
科技,6081,103,(561)
科技,6014,54,(130)
科技,6003,173,(458)
科技,5983,80,(253)
科技,5982,130,(225)
科技,6042,69,(263)
科技,5972,88,(213)
科技,6075,142,(882)
科技,5930,354,(1千)
科技,5933,68,(102)
科技,5954,246,(496)
科技,5924,97,(549)
科技,5897,203,(268)
科技,5859,49,(79)
科技,5868,189,(784)
科技,5864,68,(231)
科技,5858,243,(187)
科技,5813,670,(812)
科技,5788,43,(155)
科技,5714,62,(201)
科技,5705,248,(1千)
科技,5663,54,(100)
科技,5723,648,(1千)
科技,5628,381,(2千)
科技,5619,155,(477)
科技,5638,412,(773)
科技,5613,25,(100)
科技,5590,65,(165)
科技,5585,319,(729)
科技,5570,86,(237)
科技,5531,1237,(2千)
科技,5496,125,(335)
科技,5500,50,(134)
科技,5482,229,(1千)
科技,5565,132,(643)
科技,5461,40,(120)
科技,5452,176,(577)
科技,5409,227,(631)
科技,5403,472,(577)
科技,5436,117,(519)
科技,5392,62,(106)
科技,5391,105,(685)
科技,5385,62,(264)
科技,5356,149,(1千)
科技,5350,251,(840)
科技,5228,162,(271)
科技,5225,49,(204)
科技,5174,1273,(2千)
科技,5285,114,(305)
科技,5165,100,(197)
科技,5339,110,(268)
科技,5153,199,(858)
科技,5148,424,(1千)
科技,5111,211,(1千)
科技,5110,107,(316)
科技,5104,393,(499)
科技,5040,203,(659)
科技,5034,112,(249)
科技,5030,49,(157)
科技,5027,204,(277)
科技,5016,84,(334)
科技,4970,84,(125)
科技,4963,388,(750)
科技,4901,56,(170)
科技,4885,254,(355)
科技,4833,176,(893)
科技,4797,197,(562)
科技,5053,506,(1千)
科技,4793,107,(199)
科技,4783,371,(484)
科技,4773,66,(64)
科技,4770,131,(393)
科技,4750,81,(191)
科技,4741,388,(481)
科技,4738,638,(2千)
科技,4706,114,(182)
科技,4670,38,(157)
科技,4688,71,(175)
科技,4584,282,(1千)
科技,4596,313,(1千)
科技,4929,114,(236)
科技,4673,41,(239)
科技,4583,53,(160)
科技,4558,245,(219)
科技,4536,111,(175)
科技,4542,329,(971)
科技,4480,177,(188)
科技,4430,29,(87)
科技,4391,68,(232)
科技,4268,100,(427)
科技,4236,74,(259)
科技,4272,101,(128)
科技,4221,260,(271)
科技,4212,59,(91)
科技,4208,217,(264)
科技,4249,95,(267)
科技,4206,260,(320)
科技,4195,80,(384)
科技,4183,171,(839)
科技,4139,89,(263)
科技,4152,119,(124)
科技,4124,137,(295)
科技,4181,22,(68)
科技,4071,83,(344)
科技,4100,183,(574)
科技,4064,126,(282)
科技,4047,323,(2千)
科技,4039,37,(123)
科技,4192,931,(1千)
科技,4036,161,(2千)
科技,3986,143,(1千)
科技,3994,91,(526)
科技,3956,172,(225)
科技,3939,91,(231)
科技,3910,253,(542)
科技,3800,37,(63)
科技,3905,510,(774)
科技,3757,37,(109)
科技,3791,69,(133)
科技,3732,138,(392)
科技,3785,93,(194)
科技,3729,792,(299)
科技,3965,113,(199)
科技,3699,30,(349)
科技,3703,102,(128)
科技,3721,48,(113)
科技,3695,31,(49)
科技,3698,943,(4千)
科技,3722,131,(355)
科技,3693,224,(762)
科技,3681,83,(515)
科技,3628,369,(1千)
科技,3623,482,(789)
科技,3598,62,(146)
科技,3559,32,(67)
科技,3500,38,(58)
科技,3670,419,(1千)
科技,3533,56,(176)
科技,3541,58,(248)
科技,3480,64,(159)
科技,3446,63,(227)
科技,3470,282,(803)
科技,3417,111,(314)
科技,3386,67,(176)
科技,3441,67,(90)
科技,3387,137,(204)
科技,3381,219,(349)
科技,3376,122,(98)
科技,3358,215,(521)
科技,3353,73,(305)
科技,3354,446,(770)
科技,3310,384,(509)
科技,3327,471,(906)
科技,3301,128,(331)
科技,3322,334,(701)
科技,3304,62,(189)
科技,3242,209,(205)
科技,3222,585,(1千)
科技,3223,535,(1千)
科技,3238,310,(1千)
科技,3136,227,(460)
科技,3200,230,(120)
科技,3113,86,(155)
科技,3090,162,(400)
科技,3078,96,(102)
科技,3133,92,(111)
科技,3034,146,(186)
科技,3022,44,(386)
科技,3020,75,(183)
科技,2899,75,(221)
科技,2914,498,(1千)
科技,2956,47,(108)
科技,2846,138,(2千)
科技,2828,661,(1千)
科技,2823,181,(1千)
科技,2840,155,(597)
科技,2820,463,(1千)
科技,2803,154,(269)
科技,2800,140,(317)
科技,2788,1243,(5千)
科技,2756,203,(336)
科技,2795,109,(283)
科技,2715,231,(1千)
科技,2815,201,(800)
科技,2696,223,(202)
科技,2726,129,(605)
科技,2677,74,(435)
科技,2669,59,(297)
科技,2668,236,(264)
科技,2644,4204,(4万)
科技,2641,206,(432)
科技,2682,200,(1千)
科技,2706,103,(345)
科技,2638,38,(110)
科技,2575,158,(496)
科技,2552,121,(341)
科技,2560,252,(1千)
科技,2509,801,(1千)
科技,2522,97,(156)
科技,2485,55,(107)
科技,2484,264,(1千)
科技,2491,106,(258)
科技,2473,440,(1千)
科技,2466,280,(422)
科技,2442,169,(1千)
科技,2409,201,(1千)
科技,2406,278,(2千)
科技,2404,55,(253)
科技,2472,38,(106)
科技,2362,506,(2千)
科技,2397,73,(133)
科技,2328,30,(568)
科技,2322,54,(565)
科技,2346,522,(1千)
科技,2390,313,(1千)
科技,2306,34,(74)
科技,2282,39,(86)
科技,2197,61,(74)
科技,2206,46,(511)
科技,2214,711,(6千)
科技,2090,547,(438)
科技,2161,426,(728)
科技,2075,197,(255)
科技,2169,13,(98)
科技,2067,537,(195)
科技,2062,106,(197)
科技,2030,40,(238)
科技,1992,126,(174)
科技,2006,18,(121)
科技,2017,1080,(2千)
科技,1989,138,(199)
科技,1949,62,(109)
科技,1933,133,(1千)
科技,1921,13,(2千)
科技,1884,82,(146)
科技,1878,300,(664)
科技,1950,159,(438)
科技,1846,138,(368)
科技,1859,151,(402)
科技,1993,51,(184)
科技,1863,167,(489)
科技,1821,83,(446)
科技,1796,294,(1千)
科技,1816,19,(103)
科技,1786,2575,(1万)
科技,1752,240,(296)
科技,1789,61,(594)
科技,1771,72,(575)
科技,1784,224,(1千)
科技,1747,118,(181)
科技,1679,171,(168)
科技,1701,293,(895)
科技,1617,85,(270)
科技,1699,106,(315)
科技,1598,63,(347)
科技,1657,344,(769)
科技,1593,239,(428)
科技,1579,182,(917)
科技,1587,61,(237)
科技,1549,73,(245)
科技,1553,44,(179)
科技,1548,104,(235)
科技,1586,144,(425)
科技,1532,97,(280)
科技,1537,26,(652)
科技,1522,90,(105)
科技,1515,178,(3千)
科技,1512,27,(380)
科技,1450,73,(1千)
科技,1438,58,(167)
科技,1432,260,(892)
科技,1433,138,(711)
科技,1418,53,(71)
科技,1416,79,(132)
科技,1400,211,(906)
科技,1385,171,(1千)
科技,1394,306,(1千)
科技,1381,38,(1千)
科技,1480,241,(472)
科技,1375,136,(595)
科技,1372,352,(1千)
科技,1365,137,(400)
科技,1317,71,(372)
科技,1323,84,(90)
科技,1315,160,(429)
科技,1313,135,(1千)
科技,1288,43,(180)
科技,1257,224,(479)
科技,1232,32,(367)
科技,1220,28,(172)
科技,1166,516,(1千)
科技,1147,35,(141)
科技,1227,107,(603)
科技,1136,342,(2千)
科技,1189,206,(190)
科技,1088,356,(3千)
科技,1100,668,(2千)
科技,1126,236,(2千)
科技,1084,110,(150)
科技,1078,31,(123)
科技,1079,77,(277)
科技,1077,75,(404)
科技,1074,161,(1千)
科技,1083,125,(181)
科技,1048,122,(3千)
科技,1072,186,(792)
科技,1042,101,(380)
科技,964,215,(1千)
科技,928,228,(4千)
科技,892,182,(1千)
科技,937,146,(1千)
科技,991,66,(256)
科技,878,54,(317)
科技,860,134,(568)
科技,849,40,(353)
科技,820,97,(219)
科技,817,62,(139)
科技,782,84,(407)
科技,780,62,(214)
科技,746,111,(198)
科技,599,210,(269)
科技,706,43,(610)
科技,736,54,(275)
科技,593,40,(324)
科技,525,83,(743)
科技,472,641,(5千)
科技,488,507,(1万)
科技,578,419,(1千)
科技,512,415,(5千)
科技,374,170,(377)
科技,465,133,(141)
科技,442,52,(100)
